{
  "dimensions": {
    "D_s": {
      "current": 0.5956399945316849
    },
    "O_e": {
      "current": 0.49011336628499996
    },
    "C_m": {
      "current": 0.38870099004
    },
    "T_c": {
      "current": 0.0
    },
    "S_v": {
      "current": 0.8470579500000001
    },
    "E_co": {
      "current": 0.4411755
    },
    "P_i": {
      "current": 0.35294040000000004
    }
  },
  "last_save": "2026-05-17T06:00:03.674201"
}